<?xml version="1.0" encoding="UTF-8" ?>
<!DOCTYPE mapper
        PUBLIC "-//mybatis.org//DTD Mapper 3.0//EN"
        "http://mybatis.org/dtd/mybatis-3-mapper.dtd">
<mapper namespace="com.ruoyi.web.platform.mainInfo.mapper.AuthorMainMapper">

    <resultMap type="AuthorMain" id="AuthorMainResult">
        <result property="authorId" column="author_id"/>
        <result property="blogId" column="blog_id"/>
        <result property="createTime" column="create_time"/>
        <result property="updateTime" column="update_time"/>
        <result property="createBy" column="create_by"/>
        <result property="updateBy" column="update_by"/>
        <result property="remark" column="remark"/>
    </resultMap>

    <sql id="selectAuthorMainVo">
        select author_id, blog_id, create_time, update_time, create_by, update_by, remark from sys_author_main
    </sql>

    <select id="selectAuthorMainList" parameterType="AuthorMain" resultMap="AuthorMainResult">
        <include refid="selectAuthorMainVo"/>
        <where>
            <if test="authorId != null ">and author_id = #{authorId}</if>
            <if test="blogId != null ">and blog_id = #{blogId}</if>
        </where>
    </select>

    <select id="selectAuthorMainById" parameterType="Integer" resultMap="AuthorMainResult">
        <include refid="selectAuthorMainVo"/>
        where author_id = #{authorId}
    </select>

    <insert id="insertAuthorMain" parameterType="AuthorMain" useGeneratedKeys="true" keyProperty="authorId">
        insert into sys_author_main
        <trim prefix="(" suffix=")" suffixOverrides=",">
            <if test="blogId != null">blog_id,</if>
            <if test="createTime != null">create_time,</if>
            <if test="updateTime != null">update_time,</if>
            <if test="createBy != null and createBy != ''">create_by,</if>
            <if test="updateBy != null and updateBy != ''">update_by,</if>
            <if test="remark != null">remark,</if>
        </trim>
        <trim prefix="values (" suffix=")" suffixOverrides=",">
            <if test="blogId != null">#{blogId},</if>
            <if test="createTime != null">#{createTime},</if>
            <if test="updateTime != null">#{updateTime},</if>
            <if test="createBy != null and createBy != ''">#{createBy},</if>
            <if test="updateBy != null and updateBy != ''">#{updateBy},</if>
            <if test="remark != null">#{remark},</if>
        </trim>
    </insert>

    <update id="updateAuthorMain" parameterType="AuthorMain">
        update sys_author_main
        <trim prefix="SET" suffixOverrides=",">
            <if test="blogId != null">blog_id = #{blogId},</if>
            <if test="createTime != null">create_time = #{createTime},</if>
            <if test="updateTime != null">update_time = #{updateTime},</if>
            <if test="createBy != null and createBy != ''">create_by = #{createBy},</if>
            <if test="updateBy != null and updateBy != ''">update_by = #{updateBy},</if>
            <if test="remark != null">remark = #{remark},</if>
        </trim>
        where author_id = #{authorId}
    </update>

    <delete id="deleteAuthorMainById" parameterType="Integer">
        delete from sys_author_main where author_id = #{authorId}
    </delete>

    <delete id="deleteAuthorMainByIds" parameterType="String">
        delete from sys_author_main where author_id in
        <foreach item="authorId" collection="array" open="(" separator="," close=")">
            #{authorId}
        </foreach>
    </delete>

</mapper>